id,created_at,updated_at,username,password_digest,email,chat_handle,deleted_at,last_active_at,email_hash,externally_managed
fe42a04c-ebcb-49ac-8579-1e0f875d70f0,2018-05-31 16:59:24.475189,2018-05-31 16:59:24.475189,foo,$2a$10$nu5q4dvNYOlooLh4yov5Fu.em3CNDWxyR5laQkDxYV/NDa1DV1l2W,"2KIekVIrPtPw02/lNrUh40HItkp7cCh4excXVTADSQY=
",,,2018-05-31 16:59:23.50034,a5722037c06f32b227f667d9b34f0018ee2e0c7ff968a6d1e2836d88cd5aa9fd,t
756c290d-e653-41d9-875d-f62317d3bb23,2018-05-31 16:59:34.467549,2018-05-31 16:59:34.467549,updateuser,$2a$10$LUNEow28gBHfVBdMnjIoAOUnT6ncOntOjaMqQ7iHjIgHerAi3bM.e,"MSevvZnA2LEoVmGe67qA25lUe6dTmR6xprRoWHG545/RwMnAkqz7li6Fi83c
RRn2
",,,2018-05-31 16:59:23.50034,57086149736ce136eced0ae1de9d371986ffa937cab06763fbb4e0301b08feb2,f
4f5bbc94-448a-40e2-90a6-ac95687491ac,2018-05-31 16:59:32.402924,2018-05-31 16:59:32.402924,normaluser,$2a$10$6O2K74E4hd9oiQskSL6EYuC9qFsQ7oOlut8U4KsgKC.wxBg0FCI2W,"rhqsBQEElHPpBJyyskUR7BPlG8mUz9Tlz7XCqZM8Ek1e/t0pzuze6JTJ56F6
6694
",,,2018-05-31 16:59:23.50034,64f1ae90caad1096a784da07fb2c0b04a88716fa1de95821a3d2e6f8294b999e,f
fc0cf7cd-2d2c-486f-b153-ea1c2b38c914,2018-05-31 16:59:34.575433,2018-05-31 16:59:34.575433,inviteuser,$2a$10$cPrhXbEFhhYGMG5KcAblhOsHoH2jJSiezfmtuietWyHsBYUgvuBPG,"MGIovG3WNF5Aex2litvbPtpwMeia3JOMikyimsEFMxtCQsQT8A7JIu0nHNWu
acSQ
",,,2018-05-31 16:59:23.50034,8c0cef481a74f74b5b96e0801f9b187390bbdcb77a4309068676c6ad0a00913f,f
d14d0fd6-ab4e-446c-94fb-2b18b9a9e799,2018-05-31 16:59:32.562971,2018-05-31 16:59:32.562971,inviteuser2,$2a$10$sjiFMUR.oGjyxL/VcYQvreR2j9L5h8J3jtZj2pSyZ7DR0zRHpSh3.,"Q+5Bk0cVRBBfJTNbAhHEJqSi83p0oqQgyEmRpRF59ieuKcnBxY9awY7SF98v
5OtI
",,,2018-05-31 16:59:23.50034,90a84b342bb10e577e1af94904b9853dd4fde710fc1fa94e0ad263e72ae1aea5,f
834c6653-a2ad-46a0-a869-43fab13fabe3,2018-05-31 16:59:32.687689,2018-05-31 16:59:32.687689,inviteuser3,$2a$10$ckt02fhrBRvwrrDwlHLpv.sizTGe6cBJg2DPhbDFr8S/5ybck8Lay,"C/20wUPksg0NRXXG/iXC1vyyGoA3yHhm6nKSIsrRh7yLftvycIpn5BLHexfe
oM3a
",,,2018-05-31 16:59:23.50034,f325e4d46d3116ef6c9a5fc64801a4186abca81c94c17ea78cef61bcb80253b3,f
eaf1080e-48d4-4169-a2dc-d92569ddd7a4,2018-05-31 16:59:24.303814,2018-05-31 16:59:34.614221,ion,$2a$10$kvNu2113r/o5l6rpSoH1POdzQFyE.sVizIYrMQWfTX96ro1i5PwZK,"1TtZk9y+4JN+ZmM7lwq38umjKV/pY/VUSLqNGE/7MxXtYDhUMnZ+TyHXFshY
Pu/A
",,,2018-05-31 16:59:34.683904,b8a7b17eed63f5f860bfe2c0e7574ce6409678d5e2c801bf7486631142de4bf2,f
